{
"ChangeId": "0",
"Elements": {
"id1":{
"State":"1",
"Visible":"1",
"Text":""
},
"id2":{
"State":"1",
"Visible":"1",
"Text":""
},
"id3":{
"State":"1",
"Visible":"1",
"Text":""
},
"id4":{
"State":"1",
"Visible":"1",
"Text":""
},
"id5":{
"State":"1",
"Visible":"1",
"Text":""
},
"id6":{
"State":"1",
"Visible":"1",
"Text":""
},
"id7":{
"State":"1",
"Visible":"1",
"Text":""
},
"id8":{
"State":"1",
"Visible":"1",
"Text":""
},
"id9":{
"State":"1",
"Visible":"1",
"Text":""
},
"id10":{
"State":"1",
"Visible":"1",
"Text":""
},
"id11":{
"State":"1",
"Visible":"1",
"Text":""
},
"id12":{
"State":"1",
"Visible":"1",
"Text":""
},
"id13":{
"State":"1",
"Visible":"1",
"Text":""
},
"id14":{
"State":"1",
"Visible":"1",
"Text":""
},
"id15":{
"State":"1",
"Visible":"1",
"Text":""
},
"id16":{
"State":"1",
"Visible":"1",
"Text":""
},
"id17":{
"State":"1",
"Visible":"1",
"Text":""
},
"id18":{
"State":"1",
"Visible":"1",
"Text":""
},
"id22":{
"State":"1",
"Visible":"1",
"Text":""
},
"id23":{
"State":"1",
"Visible":"1",
"Text":""
},
"id19":{
"State":"1",
"Visible":"1",
"Text":""
},
"id20":{
"State":"1",
"Visible":"1",
"Text":""
},
"id21":{
"State":"1",
"Visible":"1",
"Text":""
},
"id24":{
"State":"1",
"Visible":"1",
"Text":""
},
"id25":{
"State":"1",
"Visible":"1",
"Text":""
},
"id26":{
"State":"1",
"Visible":"1",
"Text":""
},
"id27":{
"State":"1",
"Visible":"1",
"Text":""
},
"id28":{
"State":"1",
"Visible":"1",
"Text":""
},
"id29":{
"State":"1",
"Visible":"1",
"Text":""
},
"id32":{
"State":"1",
"Visible":"1",
"Text":""
},
"id33":{
"State":"1",
"Visible":"1",
"Text":""
},
"id582":{
"State":"1",
"Visible":"1",
"Text":""
},
"id583":{
"State":"1",
"Visible":"1",
"Text":""
},
"id584":{
"State":"1",
"Visible":"1",
"Text":""
},
"id585":{
"State":"1",
"Visible":"1",
"Text":""
},
"id30":{
"State":"1",
"Visible":"1",
"Text":""
},
"id31":{
"State":"1",
"Visible":"1",
"Text":""
},
"id586":{
"State":"1",
"Visible":"1",
"Text":""
},
"id587":{
"State":"1",
"Visible":"1",
"Text":""
},
"id588":{
"State":"1",
"Visible":"1",
"Text":""
},
"id589":{
"State":"1",
"Visible":"1",
"Text":""
},
"id34":{
"State":"1",
"Visible":"1",
"Text":""
},
"id35":{
"State":"1",
"Visible":"1",
"Text":""
},
"id36":{
"State":"1",
"Visible":"1",
"Text":""
},
"id37":{
"State":"1",
"Visible":"1",
"Text":""
},
"id38":{
"State":"1",
"Visible":"1",
"Text":""
},
"id39":{
"State":"1",
"Visible":"1",
"Text":""
},
"id40":{
"State":"1",
"Visible":"1",
"Text":""
},
"id41":{
"State":"1",
"Visible":"1",
"Text":""
},
"id42":{
"State":"1",
"Visible":"1",
"Text":""
},
"id43":{
"State":"1",
"Visible":"1",
"Text":""
},
"id44":{
"State":"1",
"Visible":"1",
"Text":""
},
"id45":{
"State":"1",
"Visible":"1",
"Text":""
},
"id46":{
"State":"1",
"Visible":"1",
"Text":""
},
"id47":{
"State":"1",
"Visible":"1",
"Text":""
},
"id48":{
"State":"1",
"Visible":"1",
"Text":""
},
"id49":{
"State":"1",
"Visible":"1",
"Text":""
},
"id50":{
"State":"1",
"Visible":"1",
"Text":""
},
"id51":{
"State":"1",
"Visible":"1",
"Text":""
},
"id52":{
"State":"1",
"Visible":"1",
"Text":""
},
"id53":{
"State":"1",
"Visible":"1",
"Text":""
},
"id54":{
"State":"1",
"Visible":"1",
"Text":""
},
"id55":{
"State":"1",
"Visible":"1",
"Text":""
},
"id56":{
"State":"1",
"Visible":"1",
"Text":""
},
"id57":{
"State":"1",
"Visible":"1",
"Text":""
},
"id58":{
"State":"1",
"Visible":"1",
"Text":""
},
"id59":{
"State":"1",
"Visible":"1",
"Text":""
},
"id60":{
"State":"1",
"Visible":"1",
"Text":""
},
"id61":{
"State":"1",
"Visible":"1",
"Text":""
},
"id62":{
"State":"1",
"Visible":"1",
"Text":""
},
"id63":{
"State":"1",
"Visible":"1",
"Text":""
},
"id67":{
"State":"1",
"Visible":"1",
"Text":""
},
"id71":{
"State":"1",
"Visible":"1",
"Text":""
},
"id72":{
"State":"1",
"Visible":"1",
"Text":""
},
"id73":{
"State":"1",
"Visible":"1",
"Text":""
},
"id74":{
"State":"1",
"Visible":"1",
"Text":""
},
"id75":{
"State":"1",
"Visible":"1",
"Text":""
},
"id76":{
"State":"1",
"Visible":"1",
"Text":""
},
"id77":{
"State":"1",
"Visible":"1",
"Text":""
},
"id78":{
"State":"1",
"Visible":"1",
"Text":""
},
"id79":{
"State":"1",
"Visible":"1",
"Text":""
},
"id64":{
"State":"1",
"Visible":"1",
"Text":""
},
"id65":{
"State":"1",
"Visible":"1",
"Text":""
},
"id66":{
"State":"1",
"Visible":"1",
"Text":""
},
"id68":{
"State":"1",
"Visible":"1",
"Text":""
},
"id69":{
"State":"1",
"Visible":"1",
"Text":""
},
"id70":{
"State":"1",
"Visible":"1",
"Text":""
},
"id80":{
"State":"1",
"Visible":"1",
"Text":""
},
"id81":{
"State":"1",
"Visible":"1",
"Text":""
},
"id82":{
"State":"1",
"Visible":"1",
"Text":""
},
"id83":{
"State":"1",
"Visible":"1",
"Text":""
},
"id84":{
"State":"1",
"Visible":"1",
"Text":""
},
"id85":{
"State":"1",
"Visible":"1",
"Text":""
},
"id86":{
"State":"1",
"Visible":"1",
"Text":""
},
"id87":{
"State":"1",
"Visible":"1",
"Text":""
},
"id88":{
"State":"1",
"Visible":"1",
"Text":""
},
"id89":{
"State":"1",
"Visible":"1",
"Text":""
},
"id90":{
"State":"1",
"Visible":"1",
"Text":""
},
"id91":{
"State":"1",
"Visible":"1",
"Text":""
},
"id92":{
"State":"1",
"Visible":"1",
"Text":""
},
"id93":{
"State":"1",
"Visible":"1",
"Text":""
},
"id94":{
"State":"1",
"Visible":"1",
"Text":""
},
"id95":{
"State":"1",
"Visible":"1",
"Text":""
},
"id96":{
"State":"1",
"Visible":"1",
"Text":""
},
"id97":{
"State":"1",
"Visible":"1",
"Text":""
},
"id98":{
"State":"1",
"Visible":"1",
"Text":""
},
"id99":{
"State":"1",
"Visible":"1",
"Text":""
},
"id100":{
"State":"1",
"Visible":"1",
"Text":""
},
"id101":{
"State":"1",
"Visible":"1",
"Text":""
},
"id102":{
"State":"1",
"Visible":"1",
"Text":""
},
"id103":{
"State":"1",
"Visible":"1",
"Text":""
},
"id104":{
"State":"1",
"Visible":"1",
"Text":""
},
"id105":{
"State":"1",
"Visible":"1",
"Text":""
},
"id106":{
"State":"1",
"Visible":"1",
"Text":""
},
"id107":{
"State":"1",
"Visible":"1",
"Text":""
},
"id108":{
"State":"1",
"Visible":"1",
"Text":""
},
"id109":{
"State":"1",
"Visible":"1",
"Text":""
},
"id110":{
"State":"1",
"Visible":"1",
"Text":""
},
"id111":{
"State":"1",
"Visible":"1",
"Text":""
},
"id112":{
"State":"1",
"Visible":"1",
"Text":""
},
"id113":{
"State":"1",
"Visible":"1",
"Text":""
},
"id114":{
"State":"1",
"Visible":"1",
"Text":""
},
"id115":{
"State":"1",
"Visible":"1",
"Text":""
},
"id116":{
"State":"1",
"Visible":"1",
"Text":""
},
"id117":{
"State":"1",
"Visible":"1",
"Text":""
},
"id118":{
"State":"1",
"Visible":"1",
"Text":""
},
"id119":{
"State":"1",
"Visible":"1",
"Text":""
},
"id120":{
"State":"1",
"Visible":"1",
"Text":""
},
"id121":{
"State":"1",
"Visible":"1",
"Text":""
},
"id122":{
"State":"1",
"Visible":"1",
"Text":""
},
"id123":{
"State":"1",
"Visible":"1",
"Text":""
},
"id124":{
"State":"1",
"Visible":"1",
"Text":""
},
"id125":{
"State":"1",
"Visible":"1",
"Text":""
},
"id126":{
"State":"1",
"Visible":"1",
"Text":""
},
"id127":{
"State":"1",
"Visible":"1",
"Text":""
},
"id128":{
"State":"1",
"Visible":"1",
"Text":""
},
"id136":{
"State":"1",
"Visible":"1",
"Text":""
},
"id137":{
"State":"1",
"Visible":"1",
"Text":""
},
"id138":{
"State":"1",
"Visible":"1",
"Text":""
},
"id139":{
"State":"1",
"Visible":"1",
"Text":""
},
"id140":{
"State":"1",
"Visible":"1",
"Text":""
},
"id141":{
"State":"1",
"Visible":"1",
"Text":""
},
"id142":{
"State":"1",
"Visible":"1",
"Text":""
},
"id143":{
"State":"1",
"Visible":"1",
"Text":""
},
"id144":{
"State":"1",
"Visible":"1",
"Text":""
},
"id145":{
"State":"1",
"Visible":"1",
"Text":""
},
"id146":{
"State":"1",
"Visible":"1",
"Text":""
},
"id147":{
"State":"1",
"Visible":"1",
"Text":""
},
"id148":{
"State":"1",
"Visible":"1",
"Text":""
},
"id149":{
"State":"1",
"Visible":"1",
"Text":""
},
"id150":{
"State":"1",
"Visible":"1",
"Text":""
},
"id151":{
"State":"1",
"Visible":"1",
"Text":""
},
"id152":{
"State":"1",
"Visible":"1",
"Text":""
},
"id129":{
"State":"1",
"Visible":"1",
"Text":""
},
"id130":{
"State":"1",
"Visible":"1",
"Text":""
},
"id131":{
"State":"1",
"Visible":"1",
"Text":""
},
"id132":{
"State":"1",
"Visible":"1",
"Text":""
},
"id133":{
"State":"1",
"Visible":"1",
"Text":""
},
"id134":{
"State":"1",
"Visible":"1",
"Text":""
},
"id135":{
"State":"1",
"Visible":"1",
"Text":""
},
"id153":{
"State":"1",
"Visible":"1",
"Text":""
},
"id154":{
"State":"1",
"Visible":"1",
"Text":""
},
"id155":{
"State":"1",
"Visible":"1",
"Text":""
},
"id156":{
"State":"1",
"Visible":"1",
"Text":""
},
"id157":{
"State":"1",
"Visible":"1",
"Text":""
},
"id158":{
"State":"1",
"Visible":"1",
"Text":""
},
"id159":{
"State":"1",
"Visible":"1",
"Text":""
},
"id160":{
"State":"1",
"Visible":"1",
"Text":""
},
"id161":{
"State":"1",
"Visible":"1",
"Text":""
},
"id162":{
"State":"1",
"Visible":"1",
"Text":""
},
"id163":{
"State":"1",
"Visible":"1",
"Text":""
},
"id164":{
"State":"1",
"Visible":"1",
"Text":""
},
"id165":{
"State":"1",
"Visible":"1",
"Text":""
},
"id166":{
"State":"1",
"Visible":"1",
"Text":""
},
"id167":{
"State":"1",
"Visible":"1",
"Text":""
},
"id168":{
"State":"1",
"Visible":"1",
"Text":""
},
"id169":{
"State":"1",
"Visible":"1",
"Text":""
},
"id170":{
"State":"1",
"Visible":"1",
"Text":""
},
"id171":{
"State":"1",
"Visible":"1",
"Text":""
},
"id172":{
"State":"1",
"Visible":"1",
"Text":""
},
"id173":{
"State":"1",
"Visible":"1",
"Text":""
},
"id174":{
"State":"1",
"Visible":"1",
"Text":""
},
"id175":{
"State":"1",
"Visible":"1",
"Text":""
},
"id176":{
"State":"1",
"Visible":"1",
"Text":""
},
"id177":{
"State":"1",
"Visible":"1",
"Text":""
},
"id178":{
"State":"1",
"Visible":"1",
"Text":""
},
"id179":{
"State":"1",
"Visible":"1",
"Text":""
},
"id180":{
"State":"1",
"Visible":"1",
"Text":""
},
"id181":{
"State":"1",
"Visible":"1",
"Text":""
},
"id182":{
"State":"1",
"Visible":"1",
"Text":""
},
"id183":{
"State":"1",
"Visible":"1",
"Text":""
},
"id184":{
"State":"1",
"Visible":"1",
"Text":""
},
"id185":{
"State":"1",
"Visible":"1",
"Text":""
},
"id186":{
"State":"1",
"Visible":"1",
"Text":""
},
"id187":{
"State":"1",
"Visible":"1",
"Text":""
},
"id188":{
"State":"1",
"Visible":"1",
"Text":""
},
"id189":{
"State":"1",
"Visible":"1",
"Text":""
},
"id190":{
"State":"1",
"Visible":"1",
"Text":""
},
"id191":{
"State":"1",
"Visible":"1",
"Text":""
},
"id192":{
"State":"1",
"Visible":"1",
"Text":""
},
"id193":{
"State":"1",
"Visible":"1",
"Text":""
},
"id194":{
"State":"1",
"Visible":"1",
"Text":""
},
"id195":{
"State":"1",
"Visible":"1",
"Text":""
},
"id196":{
"State":"1",
"Visible":"1",
"Text":""
},
"id197":{
"State":"1",
"Visible":"1",
"Text":""
},
"id198":{
"State":"1",
"Visible":"1",
"Text":""
},
"id199":{
"State":"1",
"Visible":"1",
"Text":""
},
"id200":{
"State":"1",
"Visible":"1",
"Text":""
},
"id201":{
"State":"1",
"Visible":"1",
"Text":""
},
"id202":{
"State":"1",
"Visible":"1",
"Text":""
},
"id203":{
"State":"1",
"Visible":"1",
"Text":""
},
"id204":{
"State":"1",
"Visible":"1",
"Text":""
},
"id205":{
"State":"1",
"Visible":"1",
"Text":""
},
"id206":{
"State":"1",
"Visible":"1",
"Text":""
},
"id207":{
"State":"1",
"Visible":"1",
"Text":""
},
"id208":{
"State":"1",
"Visible":"1",
"Text":""
},
"id209":{
"State":"1",
"Visible":"1",
"Text":""
},
"id210":{
"State":"1",
"Visible":"1",
"Text":""
},
"id211":{
"State":"1",
"Visible":"1",
"Text":""
},
"id212":{
"State":"1",
"Visible":"1",
"Text":""
},
"id213":{
"State":"1",
"Visible":"1",
"Text":""
},
"id214":{
"State":"1",
"Visible":"1",
"Text":""
},
"id215":{
"State":"1",
"Visible":"1",
"Text":""
},
"id216":{
"State":"1",
"Visible":"1",
"Text":""
},
"id217":{
"State":"1",
"Visible":"1",
"Text":""
},
"id218":{
"State":"1",
"Visible":"1",
"Text":""
},
"id219":{
"State":"1",
"Visible":"1",
"Text":""
},
"id220":{
"State":"1",
"Visible":"1",
"Text":""
},
"id221":{
"State":"1",
"Visible":"1",
"Text":""
},
"id222":{
"State":"1",
"Visible":"1",
"Text":""
},
"id223":{
"State":"1",
"Visible":"1",
"Text":""
},
"id224":{
"State":"1",
"Visible":"1",
"Text":""
},
"id225":{
"State":"1",
"Visible":"1",
"Text":""
},
"id226":{
"State":"1",
"Visible":"1",
"Text":""
},
"id227":{
"State":"1",
"Visible":"1",
"Text":""
},
"id228":{
"State":"1",
"Visible":"1",
"Text":""
},
"id229":{
"State":"1",
"Visible":"1",
"Text":""
},
"id230":{
"State":"1",
"Visible":"1",
"Text":""
},
"id231":{
"State":"1",
"Visible":"1",
"Text":""
},
"id232":{
"State":"1",
"Visible":"1",
"Text":""
},
"id233":{
"State":"1",
"Visible":"1",
"Text":""
},
"id234":{
"State":"1",
"Visible":"1",
"Text":""
},
"id235":{
"State":"1",
"Visible":"1",
"Text":""
},
"id236":{
"State":"1",
"Visible":"1",
"Text":""
},
"id237":{
"State":"1",
"Visible":"1",
"Text":""
},
"id238":{
"State":"1",
"Visible":"1",
"Text":""
},
"id239":{
"State":"1",
"Visible":"1",
"Text":""
},
"id240":{
"State":"1",
"Visible":"1",
"Text":""
},
"id241":{
"State":"1",
"Visible":"1",
"Text":""
},
"id242":{
"State":"1",
"Visible":"1",
"Text":""
},
"id243":{
"State":"1",
"Visible":"1",
"Text":""
},
"id244":{
"State":"1",
"Visible":"1",
"Text":""
},
"id245":{
"State":"1",
"Visible":"1",
"Text":""
},
"id246":{
"State":"1",
"Visible":"1",
"Text":""
},
"id247":{
"State":"1",
"Visible":"1",
"Text":""
},
"id248":{
"State":"1",
"Visible":"1",
"Text":""
},
"id249":{
"State":"1",
"Visible":"1",
"Text":""
},
"id250":{
"State":"1",
"Visible":"1",
"Text":""
},
"id251":{
"State":"1",
"Visible":"1",
"Text":""
},
"id252":{
"State":"1",
"Visible":"1",
"Text":""
},
"id253":{
"State":"1",
"Visible":"1",
"Text":""
},
"id254":{
"State":"1",
"Visible":"1",
"Text":""
},
"id255":{
"State":"1",
"Visible":"1",
"Text":""
},
"id256":{
"State":"1",
"Visible":"1",
"Text":""
},
"id257":{
"State":"1",
"Visible":"1",
"Text":""
},
"id258":{
"State":"1",
"Visible":"1",
"Text":""
},
"id259":{
"State":"1",
"Visible":"1",
"Text":""
},
"id260":{
"State":"1",
"Visible":"1",
"Text":""
},
"id261":{
"State":"1",
"Visible":"1",
"Text":""
},
"id262":{
"State":"1",
"Visible":"1",
"Text":""
},
"id263":{
"State":"1",
"Visible":"1",
"Text":""
},
"id264":{
"State":"1",
"Visible":"1",
"Text":""
},
"id265":{
"State":"1",
"Visible":"1",
"Text":""
},
"id266":{
"State":"1",
"Visible":"1",
"Text":""
},
"id267":{
"State":"1",
"Visible":"1",
"Text":""
},
"id268":{
"State":"1",
"Visible":"1",
"Text":""
},
"id269":{
"State":"1",
"Visible":"1",
"Text":""
},
"id270":{
"State":"1",
"Visible":"1",
"Text":""
},
"id271":{
"State":"1",
"Visible":"1",
"Text":""
},
"id272":{
"State":"1",
"Visible":"1",
"Text":""
},
"id273":{
"State":"1",
"Visible":"1",
"Text":""
},
"id274":{
"State":"1",
"Visible":"1",
"Text":""
},
"id275":{
"State":"1",
"Visible":"1",
"Text":""
},
"id276":{
"State":"1",
"Visible":"1",
"Text":""
},
"id277":{
"State":"1",
"Visible":"1",
"Text":""
},
"id278":{
"State":"1",
"Visible":"1",
"Text":""
},
"id279":{
"State":"1",
"Visible":"1",
"Text":""
},
"id280":{
"State":"1",
"Visible":"1",
"Text":""
},
"id281":{
"State":"1",
"Visible":"1",
"Text":""
},
"id282":{
"State":"1",
"Visible":"1",
"Text":""
},
"id283":{
"State":"1",
"Visible":"1",
"Text":""
},
"id284":{
"State":"1",
"Visible":"1",
"Text":""
},
"id285":{
"State":"1",
"Visible":"1",
"Text":""
},
"id286":{
"State":"1",
"Visible":"1",
"Text":""
},
"id287":{
"State":"1",
"Visible":"1",
"Text":""
},
"id288":{
"State":"1",
"Visible":"1",
"Text":""
},
"id289":{
"State":"1",
"Visible":"1",
"Text":""
},
"id290":{
"State":"1",
"Visible":"1",
"Text":""
},
"id291":{
"State":"1",
"Visible":"1",
"Text":""
},
"id292":{
"State":"1",
"Visible":"1",
"Text":""
},
"id293":{
"State":"1",
"Visible":"1",
"Text":""
},
"id294":{
"State":"1",
"Visible":"1",
"Text":""
},
"id295":{
"State":"1",
"Visible":"1",
"Text":""
},
"id296":{
"State":"1",
"Visible":"1",
"Text":""
},
"id297":{
"State":"1",
"Visible":"1",
"Text":""
},
"id298":{
"State":"1",
"Visible":"1",
"Text":""
},
"id299":{
"State":"1",
"Visible":"1",
"Text":""
},
"id300":{
"State":"1",
"Visible":"1",
"Text":""
},
"id301":{
"State":"1",
"Visible":"1",
"Text":""
},
"id302":{
"State":"1",
"Visible":"1",
"Text":""
},
"id303":{
"State":"1",
"Visible":"1",
"Text":""
},
"id304":{
"State":"1",
"Visible":"1",
"Text":""
},
"id305":{
"State":"1",
"Visible":"1",
"Text":""
},
"id306":{
"State":"1",
"Visible":"1",
"Text":""
},
"id307":{
"State":"1",
"Visible":"1",
"Text":""
},
"id308":{
"State":"1",
"Visible":"1",
"Text":""
},
"id309":{
"State":"1",
"Visible":"1",
"Text":""
},
"id310":{
"State":"1",
"Visible":"1",
"Text":""
},
"id311":{
"State":"1",
"Visible":"1",
"Text":""
},
"id312":{
"State":"1",
"Visible":"1",
"Text":""
},
"id313":{
"State":"1",
"Visible":"1",
"Text":""
},
"id314":{
"State":"1",
"Visible":"1",
"Text":""
},
"id315":{
"State":"1",
"Visible":"1",
"Text":""
},
"id316":{
"State":"1",
"Visible":"1",
"Text":""
},
"id317":{
"State":"1",
"Visible":"1",
"Text":""
},
"id318":{
"State":"1",
"Visible":"1",
"Text":""
},
"id319":{
"State":"1",
"Visible":"1",
"Text":""
},
"id320":{
"State":"1",
"Visible":"1",
"Text":""
},
"id321":{
"State":"1",
"Visible":"1",
"Text":""
},
"id322":{
"State":"1",
"Visible":"1",
"Text":""
},
"id323":{
"State":"1",
"Visible":"1",
"Text":""
},
"id324":{
"State":"1",
"Visible":"1",
"Text":""
},
"id325":{
"State":"1",
"Visible":"1",
"Text":""
},
"id326":{
"State":"1",
"Visible":"1",
"Text":""
},
"id327":{
"State":"1",
"Visible":"1",
"Text":""
},
"id328":{
"State":"1",
"Visible":"1",
"Text":""
},
"id329":{
"State":"1",
"Visible":"1",
"Text":""
},
"id330":{
"State":"1",
"Visible":"1",
"Text":""
},
"id331":{
"State":"1",
"Visible":"1",
"Text":""
},
"id332":{
"State":"1",
"Visible":"1",
"Text":""
},
"id333":{
"State":"1",
"Visible":"1",
"Text":""
},
"id334":{
"State":"1",
"Visible":"1",
"Text":""
},
"id335":{
"State":"1",
"Visible":"1",
"Text":""
},
"id336":{
"State":"1",
"Visible":"1",
"Text":""
},
"id337":{
"State":"1",
"Visible":"1",
"Text":""
},
"id338":{
"State":"1",
"Visible":"1",
"Text":""
},
"id339":{
"State":"1",
"Visible":"1",
"Text":""
},
"id340":{
"State":"1",
"Visible":"1",
"Text":""
},
"id341":{
"State":"1",
"Visible":"1",
"Text":""
},
"id342":{
"State":"1",
"Visible":"1",
"Text":""
},
"id343":{
"State":"1",
"Visible":"1",
"Text":""
},
"id344":{
"State":"1",
"Visible":"1",
"Text":""
},
"id345":{
"State":"1",
"Visible":"1",
"Text":""
},
"id346":{
"State":"1",
"Visible":"1",
"Text":""
},
"id347":{
"State":"1",
"Visible":"1",
"Text":""
},
"id348":{
"State":"1",
"Visible":"1",
"Text":""
},
"id349":{
"State":"1",
"Visible":"1",
"Text":""
},
"id350":{
"State":"1",
"Visible":"1",
"Text":""
},
"id351":{
"State":"1",
"Visible":"1",
"Text":""
},
"id352":{
"State":"1",
"Visible":"1",
"Text":""
},
"id353":{
"State":"1",
"Visible":"1",
"Text":""
},
"id378":{
"State":"1",
"Visible":"1",
"Text":""
},
"id379":{
"State":"1",
"Visible":"1",
"Text":""
},
"id380":{
"State":"1",
"Visible":"1",
"Text":""
},
"id381":{
"State":"1",
"Visible":"1",
"Text":""
},
"id382":{
"State":"1",
"Visible":"1",
"Text":""
},
"id383":{
"State":"1",
"Visible":"1",
"Text":""
},
"id384":{
"State":"1",
"Visible":"1",
"Text":""
},
"id385":{
"State":"1",
"Visible":"1",
"Text":""
},
"id386":{
"State":"1",
"Visible":"1",
"Text":""
},
"id387":{
"State":"1",
"Visible":"1",
"Text":""
},
"id388":{
"State":"1",
"Visible":"1",
"Text":""
},
"id389":{
"State":"1",
"Visible":"1",
"Text":""
},
"id390":{
"State":"1",
"Visible":"1",
"Text":""
},
"id391":{
"State":"1",
"Visible":"1",
"Text":""
},
"id392":{
"State":"1",
"Visible":"1",
"Text":""
},
"id393":{
"State":"1",
"Visible":"1",
"Text":""
},
"id394":{
"State":"1",
"Visible":"1",
"Text":""
},
"id395":{
"State":"1",
"Visible":"1",
"Text":""
},
"id396":{
"State":"1",
"Visible":"1",
"Text":""
},
"id397":{
"State":"1",
"Visible":"1",
"Text":""
},
"id398":{
"State":"1",
"Visible":"1",
"Text":""
},
"id399":{
"State":"1",
"Visible":"1",
"Text":""
},
"id400":{
"State":"1",
"Visible":"1",
"Text":""
},
"id401":{
"State":"1",
"Visible":"1",
"Text":""
},
"id354":{
"State":"1",
"Visible":"1",
"Text":""
},
"id355":{
"State":"1",
"Visible":"1",
"Text":""
},
"id356":{
"State":"1",
"Visible":"1",
"Text":""
},
"id357":{
"State":"1",
"Visible":"1",
"Text":""
},
"id358":{
"State":"1",
"Visible":"1",
"Text":""
},
"id359":{
"State":"1",
"Visible":"1",
"Text":""
},
"id360":{
"State":"1",
"Visible":"1",
"Text":""
},
"id361":{
"State":"1",
"Visible":"1",
"Text":""
},
"id362":{
"State":"1",
"Visible":"1",
"Text":""
},
"id363":{
"State":"1",
"Visible":"1",
"Text":""
},
"id364":{
"State":"1",
"Visible":"1",
"Text":""
},
"id365":{
"State":"1",
"Visible":"1",
"Text":""
},
"id366":{
"State":"1",
"Visible":"1",
"Text":""
},
"id367":{
"State":"1",
"Visible":"1",
"Text":""
},
"id368":{
"State":"1",
"Visible":"1",
"Text":""
},
"id369":{
"State":"1",
"Visible":"1",
"Text":""
},
"id370":{
"State":"1",
"Visible":"1",
"Text":""
},
"id371":{
"State":"1",
"Visible":"1",
"Text":""
},
"id372":{
"State":"1",
"Visible":"1",
"Text":""
},
"id373":{
"State":"1",
"Visible":"1",
"Text":""
},
"id374":{
"State":"1",
"Visible":"1",
"Text":""
},
"id375":{
"State":"1",
"Visible":"1",
"Text":""
},
"id376":{
"State":"1",
"Visible":"1",
"Text":""
},
"id377":{
"State":"1",
"Visible":"1",
"Text":""
},
"id402":{
"State":"1",
"Visible":"1",
"Text":""
},
"id403":{
"State":"1",
"Visible":"1",
"Text":""
},
"id404":{
"State":"1",
"Visible":"1",
"Text":""
},
"id405":{
"State":"1",
"Visible":"1",
"Text":""
},
"id406":{
"State":"1",
"Visible":"1",
"Text":""
},
"id407":{
"State":"1",
"Visible":"1",
"Text":""
},
"id408":{
"State":"1",
"Visible":"1",
"Text":""
},
"id409":{
"State":"1",
"Visible":"1",
"Text":""
},
"id410":{
"State":"1",
"Visible":"1",
"Text":""
},
"id411":{
"State":"1",
"Visible":"1",
"Text":""
},
"id412":{
"State":"1",
"Visible":"1",
"Text":""
},
"id413":{
"State":"1",
"Visible":"1",
"Text":""
},
"id414":{
"State":"1",
"Visible":"1",
"Text":""
},
"id415":{
"State":"1",
"Visible":"1",
"Text":""
},
"id416":{
"State":"1",
"Visible":"1",
"Text":""
},
"id417":{
"State":"1",
"Visible":"1",
"Text":""
},
"id418":{
"State":"1",
"Visible":"1",
"Text":""
},
"id419":{
"State":"1",
"Visible":"1",
"Text":""
},
"id420":{
"State":"1",
"Visible":"1",
"Text":""
},
"id421":{
"State":"1",
"Visible":"1",
"Text":""
},
"id422":{
"State":"1",
"Visible":"1",
"Text":""
},
"id423":{
"State":"1",
"Visible":"1",
"Text":""
},
"id424":{
"State":"1",
"Visible":"1",
"Text":""
},
"id425":{
"State":"1",
"Visible":"1",
"Text":""
},
"id426":{
"State":"1",
"Visible":"1",
"Text":""
},
"id427":{
"State":"1",
"Visible":"1",
"Text":""
},
"id428":{
"State":"1",
"Visible":"1",
"Text":""
},
"id429":{
"State":"1",
"Visible":"1",
"Text":""
},
"id430":{
"State":"1",
"Visible":"1",
"Text":""
},
"id431":{
"State":"1",
"Visible":"1",
"Text":""
},
"id432":{
"State":"1",
"Visible":"1",
"Text":""
},
"id433":{
"State":"1",
"Visible":"1",
"Text":""
},
"id434":{
"State":"1",
"Visible":"1",
"Text":""
},
"id435":{
"State":"1",
"Visible":"1",
"Text":""
},
"id436":{
"State":"1",
"Visible":"1",
"Text":""
},
"id437":{
"State":"1",
"Visible":"1",
"Text":""
},
"id438":{
"State":"1",
"Visible":"1",
"Text":""
},
"id439":{
"State":"1",
"Visible":"1",
"Text":""
},
"id440":{
"State":"1",
"Visible":"1",
"Text":""
},
"id441":{
"State":"1",
"Visible":"1",
"Text":""
},
"id442":{
"State":"1",
"Visible":"1",
"Text":""
},
"id443":{
"State":"1",
"Visible":"1",
"Text":""
},
"id444":{
"State":"1",
"Visible":"1",
"Text":""
},
"id445":{
"State":"1",
"Visible":"1",
"Text":""
},
"id446":{
"State":"1",
"Visible":"1",
"Text":""
},
"id447":{
"State":"1",
"Visible":"1",
"Text":""
},
"id448":{
"State":"1",
"Visible":"1",
"Text":""
},
"id450":{
"State":"1",
"Visible":"1",
"Text":""
},
"id451":{
"State":"1",
"Visible":"1",
"Text":""
},
"id452":{
"State":"1",
"Visible":"1",
"Text":""
},
"id453":{
"State":"1",
"Visible":"1",
"Text":""
},
"id454":{
"State":"1",
"Visible":"1",
"Text":""
},
"id455":{
"State":"1",
"Visible":"1",
"Text":""
},
"id456":{
"State":"1",
"Visible":"1",
"Text":""
},
"id457":{
"State":"1",
"Visible":"1",
"Text":""
},
"id458":{
"State":"1",
"Visible":"1",
"Text":""
},
"id459":{
"State":"1",
"Visible":"1",
"Text":""
},
"id460":{
"State":"1",
"Visible":"1",
"Text":""
},
"id461":{
"State":"1",
"Visible":"1",
"Text":""
},
"id462":{
"State":"1",
"Visible":"1",
"Text":""
},
"id463":{
"State":"1",
"Visible":"1",
"Text":""
},
"id464":{
"State":"1",
"Visible":"1",
"Text":""
},
"id465":{
"State":"1",
"Visible":"1",
"Text":""
},
"id466":{
"State":"1",
"Visible":"1",
"Text":""
},
"id467":{
"State":"1",
"Visible":"1",
"Text":""
},
"id468":{
"State":"1",
"Visible":"1",
"Text":""
},
"id469":{
"State":"1",
"Visible":"1",
"Text":""
},
"id470":{
"State":"1",
"Visible":"1",
"Text":""
},
"id473":{
"State":"1",
"Visible":"1",
"Text":""
},
"id474":{
"State":"1",
"Visible":"1",
"Text":""
},
"id475":{
"State":"1",
"Visible":"1",
"Text":""
},
"id476":{
"State":"1",
"Visible":"1",
"Text":""
},
"id477":{
"State":"1",
"Visible":"1",
"Text":""
},
"id449":{
"State":"1",
"Visible":"1",
"Text":""
},
"id471":{
"State":"1",
"Visible":"1",
"Text":""
},
"id472":{
"State":"1",
"Visible":"1",
"Text":""
},
"id594":{
"State":"1",
"Visible":"1",
"Text":""
},
"id595":{
"State":"1",
"Visible":"1",
"Text":""
},
"id596":{
"State":"1",
"Visible":"1",
"Text":""
},
"id597":{
"State":"1",
"Visible":"1",
"Text":""
},
"id478":{
"State":"1",
"Visible":"1",
"Text":""
},
"id479":{
"State":"1",
"Visible":"1",
"Text":""
},
"id480":{
"State":"1",
"Visible":"1",
"Text":""
},
"id481":{
"State":"1",
"Visible":"1",
"Text":""
},
"id482":{
"State":"1",
"Visible":"1",
"Text":""
},
"id483":{
"State":"1",
"Visible":"1",
"Text":""
},
"id484":{
"State":"1",
"Visible":"1",
"Text":""
},
"id485":{
"State":"1",
"Visible":"1",
"Text":""
},
"id486":{
"State":"1",
"Visible":"1",
"Text":""
},
"id487":{
"State":"1",
"Visible":"1",
"Text":""
},
"id488":{
"State":"1",
"Visible":"1",
"Text":""
},
"id489":{
"State":"1",
"Visible":"1",
"Text":""
},
"id490":{
"State":"1",
"Visible":"1",
"Text":""
},
"id491":{
"State":"1",
"Visible":"1",
"Text":""
},
"id492":{
"State":"1",
"Visible":"1",
"Text":""
},
"id493":{
"State":"1",
"Visible":"1",
"Text":""
},
"id494":{
"State":"1",
"Visible":"1",
"Text":""
},
"id495":{
"State":"1",
"Visible":"1",
"Text":""
},
"id496":{
"State":"1",
"Visible":"1",
"Text":""
},
"id497":{
"State":"1",
"Visible":"1",
"Text":""
},
"id498":{
"State":"1",
"Visible":"1",
"Text":""
},
"id499":{
"State":"1",
"Visible":"1",
"Text":""
},
"id500":{
"State":"1",
"Visible":"1",
"Text":""
},
"id501":{
"State":"1",
"Visible":"1",
"Text":""
},
"id502":{
"State":"1",
"Visible":"1",
"Text":""
},
"id503":{
"State":"1",
"Visible":"1",
"Text":""
},
"id504":{
"State":"1",
"Visible":"1",
"Text":""
},
"id505":{
"State":"1",
"Visible":"1",
"Text":""
},
"id506":{
"State":"1",
"Visible":"1",
"Text":""
},
"id507":{
"State":"1",
"Visible":"1",
"Text":""
},
"id508":{
"State":"1",
"Visible":"1",
"Text":""
},
"id509":{
"State":"1",
"Visible":"1",
"Text":""
},
"id510":{
"State":"1",
"Visible":"1",
"Text":""
},
"id511":{
"State":"1",
"Visible":"1",
"Text":""
},
"id512":{
"State":"1",
"Visible":"1",
"Text":""
},
"id513":{
"State":"1",
"Visible":"1",
"Text":""
},
"id514":{
"State":"1",
"Visible":"1",
"Text":""
},
"id515":{
"State":"1",
"Visible":"1",
"Text":""
},
"id516":{
"State":"1",
"Visible":"1",
"Text":""
},
"id517":{
"State":"1",
"Visible":"1",
"Text":""
},
"id518":{
"State":"1",
"Visible":"1",
"Text":""
},
"id519":{
"State":"1",
"Visible":"1",
"Text":""
},
"id520":{
"State":"1",
"Visible":"1",
"Text":""
},
"id521":{
"State":"1",
"Visible":"1",
"Text":""
},
"id524":{
"State":"1",
"Visible":"1",
"Text":""
},
"id525":{
"State":"1",
"Visible":"1",
"Text":""
},
"id526":{
"State":"1",
"Visible":"1",
"Text":""
},
"id527":{
"State":"1",
"Visible":"1",
"Text":""
},
"id528":{
"State":"1",
"Visible":"1",
"Text":""
},
"id529":{
"State":"1",
"Visible":"1",
"Text":""
},
"id522":{
"State":"1",
"Visible":"1",
"Text":""
},
"id523":{
"State":"1",
"Visible":"1",
"Text":""
},
"id598":{
"State":"1",
"Visible":"1",
"Text":""
},
"id599":{
"State":"1",
"Visible":"1",
"Text":""
},
"id600":{
"State":"1",
"Visible":"1",
"Text":""
},
"id601":{
"State":"1",
"Visible":"1",
"Text":""
},
"id530":{
"State":"1",
"Visible":"1",
"Text":""
},
"id531":{
"State":"1",
"Visible":"1",
"Text":""
},
"id532":{
"State":"1",
"Visible":"1",
"Text":""
},
"id533":{
"State":"1",
"Visible":"1",
"Text":""
},
"id534":{
"State":"1",
"Visible":"1",
"Text":""
},
"id535":{
"State":"1",
"Visible":"1",
"Text":""
},
"id536":{
"State":"1",
"Visible":"1",
"Text":""
},
"id537":{
"State":"1",
"Visible":"1",
"Text":""
},
"id538":{
"State":"1",
"Visible":"1",
"Text":""
},
"id539":{
"State":"1",
"Visible":"1",
"Text":""
},
"id540":{
"State":"1",
"Visible":"1",
"Text":""
},
"id541":{
"State":"1",
"Visible":"1",
"Text":""
},
"id542":{
"State":"1",
"Visible":"1",
"Text":""
},
"id543":{
"State":"1",
"Visible":"1",
"Text":""
},
"id544":{
"State":"1",
"Visible":"1",
"Text":""
},
"id545":{
"State":"1",
"Visible":"1",
"Text":""
},
"id546":{
"State":"1",
"Visible":"1",
"Text":""
},
"id547":{
"State":"1",
"Visible":"1",
"Text":""
},
"id548":{
"State":"1",
"Visible":"1",
"Text":""
},
"id549":{
"State":"1",
"Visible":"1",
"Text":""
},
"id550":{
"State":"1",
"Visible":"1",
"Text":""
},
"id551":{
"State":"1",
"Visible":"1",
"Text":""
},
"id552":{
"State":"1",
"Visible":"1",
"Text":""
},
"id553":{
"State":"1",
"Visible":"1",
"Text":""
},
"id554":{
"State":"1",
"Visible":"1",
"Text":""
},
"id555":{
"State":"1",
"Visible":"1",
"Text":""
},
"id556":{
"State":"1",
"Visible":"1",
"Text":""
},
"id557":{
"State":"1",
"Visible":"1",
"Text":""
},
"id558":{
"State":"1",
"Visible":"1",
"Text":""
},
"id559":{
"State":"1",
"Visible":"1",
"Text":""
},
"id560":{
"State":"1",
"Visible":"1",
"Text":""
},
"id561":{
"State":"1",
"Visible":"1",
"Text":""
},
"id562":{
"State":"1",
"Visible":"1",
"Text":""
},
"id563":{
"State":"1",
"Visible":"1",
"Text":""
},
"id564":{
"State":"1",
"Visible":"1",
"Text":""
},
"id565":{
"State":"1",
"Visible":"1",
"Text":""
},
"id566":{
"State":"1",
"Visible":"1",
"Text":""
},
"id567":{
"State":"1",
"Visible":"1",
"Text":""
},
"id568":{
"State":"1",
"Visible":"1",
"Text":""
},
"id569":{
"State":"1",
"Visible":"1",
"Text":""
},
"id570":{
"State":"1",
"Visible":"1",
"Text":""
},
"id571":{
"State":"1",
"Visible":"1",
"Text":""
},
"id572":{
"State":"1",
"Visible":"1",
"Text":""
},
"id573":{
"State":"1",
"Visible":"1",
"Text":""
},
"id576":{
"State":"1",
"Visible":"1",
"Text":""
},
"id577":{
"State":"1",
"Visible":"1",
"Text":""
},
"id578":{
"State":"1",
"Visible":"1",
"Text":""
},
"id579":{
"State":"1",
"Visible":"1",
"Text":""
},
"id580":{
"State":"1",
"Visible":"1",
"Text":""
},
"id581":{
"State":"1",
"Visible":"1",
"Text":""
},
"id574":{
"State":"1",
"Visible":"1",
"Text":""
},
"id575":{
"State":"1",
"Visible":"1",
"Text":""
},
"id590":{
"State":"1",
"Visible":"1",
"Text":""
},
"id591":{
"State":"1",
"Visible":"1",
"Text":""
},
"id592":{
"State":"1",
"Visible":"1",
"Text":""
},
"id593":{
"State":"1",
"Visible":"1",
"Text":""
}
}
}